CORPORATE_IDENTIFICATION_NUMBER,COMPANY_NAME,COMPANY_STATUS,COMPANY_CLASS,COMPANY_CATEGORY,COMPANY_SUB_CATEGORY,DATE_OF_REGISTRATION,REGISTERED_STATE,AUTHORIZED_CAP,PAIDUP_CAPITAL,INDUSTRIAL_CLASS,PRINCIPAL_BUSINESS_ACTIVITY_AS_PER_CIN,REGISTERED_OFFICE_ADDRESS,REGISTRAR_OF_COMPANIES,EMAIL_ADDR,LATEST_YEAR_ANNUAL_RETURN,LATEST_YEAR_FINANCIAL_STATEMENT
U95000GJ2001PTC039527,SECUSAFE INVESTIGATION SERVICES PRIVATELIMITED  ,ACTV,Private,Company limited by Shares,Non-govt company,11-05-2001,Gujarat,100000.0,100000.0,95000.0,Activities of private households as employers and undifferentiated production activities of private households,11/A TAKSHASHILA PARK 1ST FLRNR GALAXY CINEMA NH NO 8 NARODA  ,ROC AHMEDABAD,bjt_asso@yahoo.co.in,31-03-2019,31-03-2019
U95000GJ2012PTC070160,JALARAM FACILITY MANAGEMENT PRIVATELIMITED  ,ACTV,Private,Company limited by Shares,Non-govt company,02-05-2012,Gujarat,100000.0,100000.0,95000.0,Activities of private households as employers and undifferentiated production activities of private households,"392, JAY AMBE SOCIETY,BAMROLI,  ",ROC AHMEDABAD,caalokgandhi@gmail.com,31-03-2019,31-03-2019
U95000GJ2018PTC104814,STARSON FACILITY SERVICE PRIVATE LIMITED   ,ACTV,Private,Company limited by Shares,Non-govt company,18-10-2018,Gujarat,100000.0,100000.0,95000.0,Activities of private households as employers and undifferentiated production activities of private households,"103/A-1,OPP. RAYSAN PETROL PUMPVILLAGE- KUDASAN  ",ROC AHMEDABAD,sdacafirm@gmail.com,31-03-2019,31-03-2019
U95000GJ2018PTC105748,RPS PROFESSIONAL SERVICES PRIVATELIMITED  ,ACTV,Private,Company limited by Shares,Non-govt company,21-12-2018,Gujarat,100000.0,100000.0,95000.0,Activities of private households as employers and undifferentiated production activities of private households,"142/1696 KARNAVATI APPARTMENT-1SOLA ROAD, NARANPURA  ",ROC AHMEDABAD,Jay@reliableaoc.com,31-03-2019,31-03-2019
U96000GJ2016PTC093220,VIPALI AQUA PRIVATE LIMITED   ,ACTV,Private,Company limited by Shares,Non-govt company,03-08-2016,Gujarat,100000.0,100000.0,96000.0,Activities of private households as employers and undifferentiated production activities of private households,"1160/0, KALPANANAGAR,OPP-AGRICULTURE COLLAGE GATE, VIJALPORE,  ",ROC AHMEDABAD,vipnil2010@gmail.com,31-03-2019,31-03-2019
U97120GJ2000PTC037936,KGMS BROKING AND RESEARCH PRIVATELIMITED  ,ACTV,Private,Company limited by Shares,Non-govt company,03-05-2000,Gujarat,10000000.0,8500000.0,97120.0,Activities of private households as employers and undifferentiated production activities of private households,"A/602 Wall Street - II, Nr Gujarat CollegeCrossing, Opp Orient Club , Ellisbridge  ",ROC AHMEDABAD,karan@kgms.co.in,31-03-2019,31-03-2019
U95000KA2004PTC034025,ATHEOS INFRA SOLUTIONS PRIVATE LIMITED   ,ACTV,Private,Company limited by Shares,Non-govt company,28-05-2004,Karnataka,100000.0,100000.0,95000,Activities of private households as employers and undifferentiated production activities of private households,"NO.34, 4TH CROSSVEERAPPA REDDY LAYOUTMUNIKOLALA, MARATHAHALLI  ",ROC BANGALORE,accounts@atheos.co.in,31-03-2018,31-03-2018
U95000KA2005PTC035405,SKMM SCHOOLS PRIVATE LIMITED   ,ACTV,Private,Company limited by Shares,Non-govt company,10-01-2005,Karnataka,500000.0,166670.0,95000,Activities of private households as employers and undifferentiated production activities of private households,"No.421, 100 Feet Road, III BlockKoramangala  ",ROC BANGALORE,nilesh@icapindia.com,31-03-2019,31-03-2019
U95000KA2005PTC036742,LIVING SPACE APARTMENTS SERVICES PRIVATE LIMITED  ,ACTV,Private,Company limited by Shares,Non-govt company,11-07-2005,Karnataka,500000.0,100000.0,95000,Activities of private households as employers and undifferentiated production activities of private households,APARTMENT NO. 101STERLIING ALEXANDRIA37 HARRIS ROAD  ,ROC BANGALORE,accounts@livingspace-india.com,31-03-2019,31-03-2019
U95000KA2005PTC036891,CITI STERLING FACILITIES MANAGEMENTPRIVATE LIMITED  ,ACTV,Private,Company limited by Shares,Non-govt company,04-08-2005,Karnataka,100000.0,100000.0,95000,Activities of private households as employers and undifferentiated production activities of private households,"3, 301 3RD FLOOR,139 INFANTRY ROAD,OPP. THE HINDU,  ",ROC BANGALORE,accounts@sterlingestatesindia.com,31-03-2019,31-03-2019
U95000KA2016PTC097039,KANUSHI CHITS PRIVATE LIMITED   ,ACTV,Private,Company limited by Shares,Non-govt company,07-10-2016,Karnataka,1000000.0,1000000.0,95000,Activities of private households as employers and undifferentiated production activities of private households,"NO. 2767/1A D4/1A , 5TH MAIN, TEMPLE RAODV V MOHALLA  ",ROC BANGALORE,myramesha@gmail.com,31-03-2019,31-03-2019
U95000KA2017PTC101400,SANSITA JEEVANA PRIVATE LIMITED   ,ACTV,Private,Company limited by Shares,Non-govt company,16-03-2017,Karnataka,100000.0,100000.0,95000,Activities of private households as employers and undifferentiated production activities of private households,"NO. 12, 10TH MAIN ROAD, RMV EXTENSIONSADASHIVANAGAR  ",ROC BANGALORE,shruthiraju@hotmail.com,31-03-2019,31-03-2019
U95000KA2018PTC111279,G7 SURVEILLANCES AND SECURITIES PRIVATELIMITED  ,ACTV,Private,Company limited by Shares,Non-govt company,16-03-2018,Karnataka,1000000.0,100000.0,95000,Activities of private households as employers and undifferentiated production activities of private households,"136, 1st 'K' Block,above Allahabad Bank,3rd Floor,Dr. Rajkumar Road,Rajajinagar  ",ROC BANGALORE,ravi@g7securities.com,31-03-2019,31-03-2019
U96000KA2016PTC093974,HAIRBORN HAIR TREATMENT PRIVATE LIMITED   ,ACTV,Private,Company limited by Shares,Non-govt company,09-06-2016,Karnataka,1000000.0,100000.0,96000,Activities of private households as employers and undifferentiated production activities of private households,"# 101, North Block, Pioneer Paradise,J P Nagar, 7th Phase, Puttenahalli,  ",ROC BANGALORE,fchouthai@outlook.com,31-03-2019,31-03-2019
U97000KA2013PTC070760,PITHOO ART & CRAFT SOLUTIONS PRIVATELIMITED  ,ACTV,Private,Company limited by Shares,Non-govt company,29-08-2013,Karnataka,100000.0,100000.0,97000,Activities of private households as employers and undifferentiated production activities of private households,"No.3117,Prestige ShantniketanITPL Main Road,Hoody,Mahadevapura Post, Whitefield  ",ROC BANGALORE,deepti310@yahoo.com,31-03-2019,31-03-2019
U97000KA2017PTC106594,TASKIEVERS DELIVERY AND SERVICES PRIVATELIMITED  ,ACTV,Private,Company limited by Shares,Non-govt company,21-09-2017,Karnataka,500000.0,500000.0,97000,Activities of private households as employers and undifferentiated production activities of private households,"c5 kavalbairasandra1st floor, Nono 18, 5th cross, gopalappa layout,  ",ROC BANGALORE,PANIGRAHIMR@YAHOO.COM,31-03-2018,31-03-2018
U95000MP2003PLC016252,SHAPPERS MEGA VENTURES LIMITED   ,ACTV,Public,Company limited by Shares,Non-govt company,12-12-2003,Madhya Pradesh,1000000.0,500000.0,95000.0,Activities of private households as employers and undifferentiated production activities of private households,"B-12, Sanchi Complex, Opposite Board OfficeShivaji Nagar  ",ROC GWALIOR,malwainfra@gmail.com,31-03-2017,31-03-2017
U95000MP2014PTC032955,PROSPEROUS INDIVIDUAL MANPOWER SERVICESPRIVATE LIMITED  ,ACTV,Private,Company limited by Shares,Non-govt company,23-07-2014,Madhya Pradesh,100000.0,10000.0,95000.0,Activities of private households as employers and undifferentiated production activities of private households,"LG-11, BANSI TRADE CENTRE,581/5 M.G. ROAD,  ",ROC GWALIOR,atulgupta@pims.com.co,31-03-2019,31-03-2019
U95000MP2017OPC043704,SOM SINGH SURAKSHA AGENCY (OPC) PRIVATELIMITED  ,ACTV,Private(One Person Company),Company limited by Shares,Non-govt company,11-07-2017,Madhya Pradesh,100000.0,100000.0,95000.0,Activities of private households as employers and undifferentiated production activities of private households,"152, Madhani Gali, Royal Pathology Lab,Maharani Laxmi Bai Ward, Civil Lines,  ",ROC GWALIOR,hsschouhan2@gmail.com,31-03-2019,31-03-2019
U97000AS2017PTC018208,REDO TIMES PRIVATE LIMITED   ,ACTV,Private,Company limited by Shares,Non-govt company,02-11-2017,Assam,100000.0,100000.0,97000.0,Activities of private households as employers and undifferentiated production activities of private households,"Suraja Choudhary, Sarla Mohan ResidencyWard No 26, Mouza - Beltola, Dispur  ",ROC SHILLONG,arpan.choudhary@gmail.com,31-03-2019,31-03-2019
U95000JH2017PTC009641,XPERTSOL SERVICES PRIVATE LIMITED   ,ACTV,Private,Company limited by Shares,Non-govt company,15-02-2017,Jharkhand,1000000.0,100000.0,95000.0,Activities of private households as employers and undifferentiated production activities of private households,"HOUSE NO.02, JEETA SINGHBAGAN,NAMDA BASTI,GOLMURI  ",ROC JHARKHAND,services@xpertsservices.com,31-03-2019,31-03-2019
U95000TN2018PTC122436,ARS BLUE LEAF FACILITY AND MANAGEMENTSERVICES PRIVATE LIMITED  ,ACTV,Private,Company limited by Shares,Non-govt company,02-05-2018,Tamil Nadu,600000.0,600000.0,95000,Activities of private households as employers and undifferentiated production activities of private households,"No.8, S.F, Srinivasa PuramShastri Road, Thennur  ",ROC CHENNAI,arsblueleaf@gmail.com,31-03-2019,31-03-2019
U95000TZ1983PTC001270,COIMBATORE SECURITY PRIVATE LIMITED   ,ACTV,Private,Company limited by Shares,Non-govt company,15-04-1983,Tamil Nadu,500000.0,101000.0,95000,Activities of private households as employers and undifferentiated production activities of private households," 317, GOPL BAGHAVANASHI ROAD  ",ROC COIMBATORE,info@gedeegroup.com,31-03-2019,31-03-2019
U95000TZ1984PTC001501,SRI BHUVANESWARI SECURITY SERVICESPRIVATE LIMITED  ,ACTV,Private,Company limited by Shares,Non-govt company,20-10-1984,Tamil Nadu,500000.0,495000.0,95000,Activities of private households as employers and undifferentiated production activities of private households,"New No: 20, Old Number: 22, Govindaswami Layout,Sivanandha Colony  ",ROC COIMBATORE,info@warriorfms.com,31-03-2019,31-03-2019
U95000TZ1997PTC007723,FAUJI SECURITY SERVICES PRIVATE LIMITED   ,ACTV,Private,Company limited by Shares,Non-govt company,19-02-1997,Tamil Nadu,100000.0,100000.0,95000,Activities of private households as employers and undifferentiated production activities of private households,B2 HUDCO COLONYV K ROADPEELAMEDU  ,ROC COIMBATORE,s_jeyaraman@yahoo.com,31-03-2017,31-03-2017
U96000TN2008FTC069261,WATERMAN CONSULTING ENGINEERS INDIAPRIVATE LIMITED  ,ACTV,Private,Company limited by Shares,Subsidiary of Foreign Company,12-09-2008,Tamil Nadu,5000000.0,5000000.0,96000,Activities of private households as employers and undifferentiated production activities of private households,"""Seshasaai"", 4/606, First Main RoadNehru Nagar, Kottivakkam  ",ROC CHENNAI,MMarilyn@watermanindia.com,31-03-2019,31-03-2019
U96000TN2008PTC069464,ARUNA SAFETY LOCKERS PRIVATE LIMITED   ,ACTV,Private,Company limited by Shares,Non-govt company,03-10-2008,Tamil Nadu,700000.0,700000.0,96000,Activities of private households as employers and undifferentiated production activities of private households,106 FIRST FLOOR WOVOO MANSION NEW NO 48OLD NO 39 RAJAJI SALAI  ,ROC CHENNAI,arunasafechennai@yahoo.in,31-03-2019,31-03-2019
U97000TN2008PTC066247,JACOB INSPECTION SERVICES PRIVATELIMITED  ,ACTV,Private,Company limited by Shares,Non-govt company,31-01-2008,Tamil Nadu,100000.0,100000.0,97000,Activities of private households as employers and undifferentiated production activities of private households,"H-888, 22nd StreetAnna Nagar West  ",ROC CHENNAI,finance@global-remote.net,31-03-2019,31-03-2019
L95910DL1989PLC035423,BIG STAR FILMS LTD   ,ACTV,Public,Company limited by Shares,Non-govt company,10-03-1989,Delhi,32900000.0,16629000.0,95910.0,Activities of private households as employers and undifferentiated production activities of private households," E-97/7A, BENGALI  COLONYMAHAVIR ENCLAVE  ",ROC DELHI,srgltd@gmail.com,31-03-2009,31-03-2009
U95000DL1999PTC102766,PERFECT DETECTIVE AND SECURITY SERVICESPRIVATE LIMITED  ,ACTV,Private,Company limited by Shares,Non-govt company,10-12-1999,Delhi,100000.0,100000.0,95000,Activities of private households as employers and undifferentiated production activities of private households,196-A CHAUPAL ROADBIJWASAN   ,ROC DELHI,perfect.detective@yahoo.in,31-03-2019,31-03-2019
U95000DL2000PTC105667,KESARI SECURITY PRIVATE LIMITED   ,ACTV,Private,Company limited by Shares,Non-govt company,12-05-2000,Delhi,500000.0,100000.0,95000,Activities of private households as employers and undifferentiated production activities of private households,B 53  FIRST FLOOR  BLOCK 14SECTOR 3 RAJIV RATAN AAWAS BAWANA DELHI 110039  ,ROC DELHI,yrs_chartered1999@yahoo.co.in,31-03-2019,31-03-2016
U95000DL2000PTC106257,SWASTIK RIBBONS PRIVATE LIMITED   ,ACTV,Private,Company limited by Shares,Non-govt company,13-06-2000,Delhi,4000000.0,3950300.0,95000,Activities of private households as employers and undifferentiated production activities of private households,"191/3, G/F, Gali No. 8, Than Singh Nagar,Anand Parbat  ",ROC DELHI,swastikribbon@yahoo.co.in,31-03-2019,31-03-2019
U95000DL2000PTC106269,BADOTHERM INSTRUMENTS HOLLAND PRIVATELIMITED.  ,ACTV,Private,Company limited by Shares,Non-govt company,14-06-2000,Delhi,5000000.0,3808000.0,95000,Activities of private households as employers and undifferentiated production activities of private households,"10/17, BASEMENT, NEHRU ENCLAVEKALKAJI  ",ROC DELHI,accounts@blissanand.com,31-03-2019,31-03-2019
U95000DL2000PTC106645,KINGDOM PROTECTION SERVICES PRIVATELIMITED  ,ACTV,Private,Company limited by Shares,Non-govt company,06-07-2000,Delhi,100000.0,100000.0,95000,Activities of private households as employers and undifferentiated production activities of private households,"711, Jaina Tower II,District Centre, Janapuri  ",ROC DELHI,reji@kingdomindia.com,31-03-2019,31-03-2019
U95000DL2000PTC106715,PARAMAHANSA HOLDINGS PRIVATE LIMITED   ,ACTV,Private,Company limited by Shares,Non-govt company,11-07-2000,Delhi,17500000.0,16602000.0,95000,Activities of private households as employers and undifferentiated production activities of private households,"A-602, ANSAL CHAMBERS-IBHIKAJI CAMA PLACE  ",ROC DELHI,intoff@aol.com,31-03-2019,31-03-2019
U95000DL2000PTC106794,TWENTY FOUR SYSTEMS PRIVATE LIMITED   ,ACTV,Private,Company limited by Shares,Non-govt company,14-07-2000,Delhi,10000000.0,10000000.0,95000,Activities of private households as employers and undifferentiated production activities of private households,5 MATHURA ROADJANGPURA A   ,ROC DELHI,support@24securenow.com,31-03-2018,31-03-2019
U95000DL2000PTC107120,AYE-ONE MANAGEMENT ( S&C) PRIVATELIMITED  ,ACTV,Private,Company limited by Shares,Non-govt company,03-08-2000,Delhi,200000.0,108000.0,95000,Activities of private households as employers and undifferentiated production activities of private households,"137 GROUND FLOOR, UDAY PARKKHEL GAON MARG  ",ROC DELHI,aye1m@rediffmail.com,31-03-2019,31-03-2019
U95000DL2000PTC107128,SSB SURAKSHA SEWA PRIVATE LIMITED   ,ACTV,Private,Company limited by Shares,Non-govt company,03-08-2000,Delhi,100000.0,100000.0,95000,Activities of private households as employers and undifferentiated production activities of private households,VIDYA SAGAR APARTMENTFLAT NO 17 PLOT NO 34DWARKA  ,ROC DELHI,brajeshsingh_bs@yahoo.co.in,31-03-2019,31-03-2019
U95000DL2000PTC107193,JWALA SAGAR CONSULTANTS PRIVATE LIMITED   ,ACTV,Private,Company limited by Shares,Non-govt company,09-08-2000,Delhi,100000.0,100000.0,95000,Activities of private households as employers and undifferentiated production activities of private households,G-10ANAND NIKETAN  ,ROC DELHI,sssinghalandco@gmail.com,31-03-2019,31-03-2019
U95000DL2000PTC107502,MUSKETEERS SECURITY PRIVATE LIMITED   ,ACTV,Private,Company limited by Shares,Non-govt company,04-09-2000,Delhi,100000.0,100000.0,95000,Activities of private households as employers and undifferentiated production activities of private households,"107/3, HARI NAGAR,ASHRAM  ",ROC DELHI,musketeers_25@yahoo.co.in,31-03-2019,31-03-2019
U95000DL2000PTC107754,G4S CENTRAL MONITORING SERVICES (INDIA)PRIVATE LIMITED.  ,ACTV,Private,Company limited by Shares,Non-govt company,15-09-2000,Delhi,10000000.0,8000000.0,95000,Activities of private households as employers and undifferentiated production activities of private households,"C-16, Community CentreJanakpuri, Behind Janak Cinema  ",ROC DELHI,puja.jain@in.g4s.com,31-03-2019,31-03-2019
U95000DL2000PTC107795,GROUP-2 SECURITAN PRIVATE LIMITED   ,ACTV,Private,Company limited by Shares,Non-govt company,19-09-2000,Delhi,100000.0,100000.0,95000,Activities of private households as employers and undifferentiated production activities of private households,"153, Munirka Enclave,Nelson Mandela Marg,  ",ROC DELHI,rakeshmehta084@gmail.com,31-03-2019,31-03-2019
U95000DL2000PTC107929,ROMA HENNY SECURITY SERVICE PRIVATELIMITED  ,ACTV,Private,Company limited by Shares,Non-govt company,27-09-2000,Delhi,19900000.0,11310000.0,95000,Activities of private households as employers and undifferentiated production activities of private households,"L-322, Mahipalpur,   ",ROC DELHI,roma.henny@yahoo.com,31-03-2019,31-03-2019
U95000DL2000PTC108028,NEW ERA INDIA CONSULTANCY PRIVATELIMITED  ,ACTV,Private,Company limited by Shares,Non-govt company,05-10-2000,Delhi,50000000.0,16500000.0,95000,Activities of private households as employers and undifferentiated production activities of private households,"246, 2nd & 3rd Floor, Okhla Phase III,Swastik Building  ",ROC DELHI,koji.murata@neweraindia.com,31-03-2019,31-03-2019
U95000DL2007PTC165860,CAT AUTOMOTIVES PRIVATE LIMITED   ,ACTV,Private,Company limited by Shares,Non-govt company,16-07-2007,Delhi,100000.0,100000.0,95000,Activities of private households as employers and undifferentiated production activities of private households,"77/9/5B, AVDESH CHAUBEY WALI GALIMUKESH NAGAR,SHAHDARA  ",ROC DELHI,carameshgarg@yahoo.com,31-03-2019,31-03-2019
U95000DL2008PTC183955,BRENTFORD SERVICES PRIVATE LIMITED   ,ACTV,Private,Company limited by Shares,Non-govt company,06-10-2008,Delhi,500000.0,100000.0,95000,Activities of private households as employers and undifferentiated production activities of private households,"KHASRA NO. 71, SECTOR -8VILLAGE & POST OFFICE- BAGROLA, DWARKA  ",ROC DELHI,surya@dss-hr.com,31-03-2019,31-03-2019
U95000DL2009PTC194317,UNISERVE MANAGEMENT PRIVATE LIMITED   ,ACTV,Private,Company limited by Shares,Non-govt company,15-09-2009,Delhi,1100000.0,150500.0,95000,Activities of private households as employers and undifferentiated production activities of private households,"H.NO. 27, UPPER GROUND FLOOR, BLK-F PKT-19,SECTOR-8, ROHINI  ",ROC DELHI,RAJDHANIHANDLES@GMAIL.COM,31-03-2019,31-03-2019
U95000DL2011PTC215084,JANKI SECURITY SERVICES PRIVATE LIMITED   ,ACTV,Private,Company limited by Shares,Non-govt company,03-03-2011,Delhi,100000.0,100000.0,95000,Activities of private households as employers and undifferentiated production activities of private households,"51/1, SUNIL COLONY BURARI EXTN.,BURARI  ",ROC DELHI,taxmaster.singh@gmail.com,31-03-2019,31-03-2019
U95000DL2011PTC224022,JAIN FACILITY MANAGEMENT PRIVATE LIMITED   ,ACTV,Private,Company limited by Shares,Non-govt company,23-08-2011,Delhi,500000.0,100000.0,95000,Activities of private households as employers and undifferentiated production activities of private households,"X/3034, Raghubarpura No. 2, Gali No. 5 G/FGandhi Nagar  ",ROC DELHI,jainfacility@casngargco.in,31-03-2019,31-03-2019
U95000DL2012PTC231311,SNOW PHOENIX TECHNOLOGY PRIVATE LIMITED   ,ACTV,Private,Company limited by Shares,Non-govt company,10-02-2012,Delhi,100000.0,100000.0,95000,Activities of private households as employers and undifferentiated production activities of private households,"H-51, 3rd FloorLajpat Nagar-1  ",ROC DELHI,mohit777teddy@gmail.com,31-03-2019,31-03-2019
U95000DL2012PTC235582,TOOKI SOLUTIONS SERVICES PRIVATE LIMITED   ,ACTV,Private,Company limited by Shares,Non-govt company,09-05-2012,Delhi,2500000.0,100000.0,95000,Activities of private households as employers and undifferentiated production activities of private households,"4/16, GROUND FLOOR,SHANTI NIKETAN  ",ROC DELHI,nalin@teckinfo.in,31-03-2019,31-03-2019
U95000DL2012PTC236015,S&V MANAGEMENT SERVICES PRIVATE LIMITED   ,ACTV,Private,Company limited by Shares,Non-govt company,17-05-2012,Delhi,100000.0,100000.0,95000,Activities of private households as employers and undifferentiated production activities of private households,"HOUSE NO.3A, FIRST FLOOR,GALI NO.2WEST GURU ANGAD NAGAR, LAXMI NAGAR  ",ROC DELHI,svsuspl@gmail.com,31-03-2019,31-03-2019
U95000DL2013PTC248865,ATS SECURITY & HOUSEKEEPING SOLUTIONSPRIVATE LIMITED  ,ACTV,Private,Company limited by Shares,Non-govt company,28-02-2013,Delhi,100000.0,100000.0,95000,Activities of private households as employers and undifferentiated production activities of private households,"A-96, GROUND FLOORASHOK NAGAR  ",ROC DELHI,lokesh.tyagi0@gmail.com,31-03-2018,31-03-2018
U95000DL2013PTC256587,MAGIC MOVEMENTS PRIVATE LIMITED   ,ACTV,Private,Company limited by Shares,Non-govt company,14-08-2013,Delhi,100000.0,100000.0,95000,Activities of private households as employers and undifferentiated production activities of private households,"ROOM NO. 104,F-13/11 DLF GREENSSector 24 Rohini  ",ROC DELHI,mahesh87555@gmail.com,31-03-2019,31-03-2019
U95000DL2015PTC277021,SHIV KUMAR MORYA DOMESTIC CONSULTANCYPRIVATE LIMITED  ,ACTV,Private,Company limited by Shares,Non-govt company,21-02-2015,Delhi,100000.0,100000.0,95000,Activities of private households as employers and undifferentiated production activities of private households,"H.No-A-7 F/F, B/P Amrit NagarK. M. Pur  ",ROC DELHI,shivkumarmorya1979@gmail.com,31-03-2019,31-03-2019
U95000DL2018PTC329069,FAIR FROST BUSINESS SOLUTIONS PRIVATELIMITED  ,ACTV,Private,Company limited by Shares,Non-govt company,02-02-2018,Delhi,100000.0,100000.0,95000,Activities of private households as employers and undifferentiated production activities of private households,"HOUSE NO.189, 3RD FLOOR,VILLAGE DHAKA, PARMANAND COLONY  ",ROC DELHI,nidhivishnoi02@gmail.com,31-03-2019,31-03-2019
U95007DL1998PTC091592,COMPACT SYSTEMS PRIVATE LIMITED   ,ACTV,Private,Company limited by Shares,Non-govt company,08-01-1998,Delhi,1000000.0,675300.0,95007,Activities of private households as employers and undifferentiated production activities of private households,"G-11,14,15, GROUND FLOORANUPAM PLAZA, KALU SARAI HAUZKHAS  ",ROC DELHI,alokjain@compactups.com,31-03-2019,31-03-2019
U95201DL2002PTC113789,KUSHAGRA BUILDERS PRIVATE LIMITED   ,ACTV,Private,Company limited by Shares,Non-govt company,11-01-2002,Delhi,1000000.0,141000.0,95201,Activities of private households as employers and undifferentiated production activities of private households,"S-160, Lower Ground FloorGreater Kailash Part 1  ",ROC DELHI,jaiswalvipra@gmail.com,31-03-2019,31-03-2019
U95201DL2003PTC122395,SMART REALTORS PRIVATE LIMITED   ,ACTV,Private,Company limited by Shares,Non-govt company,25-09-2003,Delhi,100000.0,100000.0,95201,Activities of private households as employers and undifferentiated production activities of private households,5 E-BLOCK LOCAL SHOPPING CENTRMASJID MOTHGREATER KAILASH-II  ,ROC DELHI,info.smartrealtors@gmail.com,31-03-2019,31-03-2019
U95992DL1995PTC073615,SHATABADI CHITS PRIVATE LIMITED   ,ACTV,Private,Company limited by Shares,Non-govt company,08-11-1995,Delhi,500000.0,420000.0,95992,Activities of private households as employers and undifferentiated production activities of private households,M-103GURU HARKRISHAN NAGARPASCHIM VIHAR  ,ROC DELHI,jainonerj@yahoo.co.in,31-03-2010,31-03-2010
U95992DL2000PTC107914,DIVYA JYOTI CHIT FUND PRIVATE LIMITED   ,ACTV,Private,Company limited by Shares,Non-govt company,26-09-2000,Delhi,500000.0,100000.0,95992,Activities of private households as employers and undifferentiated production activities of private households,R K HOUSE  W P-504IST FLOOR ROOM NO-106SHIV MARKET ASHOK VIHAR  ,ROC DELHI,bs_arora@hotmail.com,31-03-2019,31-03-2019
U96000DL2011PTC224086,KUSHAL KARYASHALA PRIVATE LIMITED   ,ACTV,Private,Company limited by Shares,Non-govt company,24-08-2011,Delhi,30000000.0,15000000.0,96000,Activities of private households as employers and undifferentiated production activities of private households,"No. 1, RAJ NAGAR ENCLAVE,PITAMPURA  ",ROC DELHI,999kkpl@gmail.com,31-03-2019,31-03-2019
U96000DL2018PTC331547,WANTI OVERSEAS PRIVATE LIMITED   ,ACTV,Private,Company limited by Shares,Non-govt company,26-03-2018,Delhi,1000000.0,1000000.0,96000,Activities of private households as employers and undifferentiated production activities of private households,WZ-106/55 GROUND FLOOR NEAR CAMBRIGSCHOOL RAJOURI GARDEN EXT  ,ROC DELHI,NAYARLAW@GMAIL.COM,31-03-2019,31-03-2019
U97000DL1998PTC094038,JAM SUPPORT SERVICES PRIVATE LIMITED   ,ACTV,Private,Company limited by Shares,Non-govt company,22-05-1998,Delhi,100000.0,100000.0,97000,Activities of private households as employers and undifferentiated production activities of private households,"G-606,RASHMI APTS, HARSH VIHAR,PITAM PURA,  ",ROC DELHI,joselynmartins@yahoo.com,31-03-2019,31-03-2019
U97000DL2014PTC267284,R R EXPRESS PRIVATE LIMITED   ,ACTV,Private,Company limited by Shares,Non-govt company,31-03-2014,Delhi,100000.0,100000.0,97000,Activities of private households as employers and undifferentiated production activities of private households,"2ND FLOOR, KHASRA NO.424, GALI NO.6MAHIPAL PUR EXT.  ",ROC DELHI,emailroc1@gmail.com,31-03-2019,31-03-2019
U97000DL2016PTC298112,AEROBIC KITCHEN EXPERT PRIVATE LIMITED   ,ACTV,Private,Company limited by Shares,Non-govt company,29-03-2016,Delhi,100000.0,100000.0,97000,Activities of private households as employers and undifferentiated production activities of private households,"86-CPocket-F, Nand Nagri  ",ROC DELHI,mail@akekitchen.in,31-03-2019,31-03-2019
U97000DL2016PTC304723,STUDIO MEMONKEY DESIGNS PRIVATE LIMITED   ,ACTV,Private,Company limited by Shares,Non-govt company,22-08-2016,Delhi,100000.0,100000.0,97000,Activities of private households as employers and undifferentiated production activities of private households,WZ 1319NANGAL RAYA  ,ROC DELHI,lalitngupta@gmail.com,31-03-2019,31-03-2019
U97000DL2018PTC329213,WIPEME SMART SOLUTIONS PRIVATE LIMITED   ,ACTV,Private,Company limited by Shares,Non-govt company,07-02-2018,Delhi,100000.0,100000.0,97000,Activities of private households as employers and undifferentiated production activities of private households,"A-23, 3RD FLOORAMAR COLONY, LAJPAT NAGAR -4  ",ROC DELHI,ra264458gandhi@gmail.com,31-03-2019,31-03-2019
U97120DL2000PTC103771,PREM CAPITAL PRIVATE LIMITED   ,ACTV,Private,Company limited by Shares,Non-govt company,15-02-2000,Delhi,2500000.0,1227000.0,97120,Activities of private households as employers and undifferentiated production activities of private households,"13/39, SHAKTI NAGAR   ",ROC DELHI,prem_capital@yahoo.in,31-03-2019,31-03-2019
U95000MH2001PTC132938,EMPOWER PERSONNEL SEARCH PRIVATE LIMITED   ,ACTV,Private,Company limited by Shares,Non-govt company,01-08-2001,Maharashtra,5500000.0,5124500.0,95000,Activities of private households as employers and undifferentiated production activities of private households,"6-Floor -1 Plot 165,161/169 Hirachand Fulchand,Trust Building, Perin Nariman Street, Fort  ",ROC MUMBAI,verna.mudit@gmail.com,31-03-2019,31-03-2019
U95000MH2003PTC138838,DIRT BUSTERS INDIA PRIVATE LIMITED   ,ACTV,Private,Company limited by Shares,Non-govt company,24-01-2003,Maharashtra,2500000.0,1175000.0,95000,Activities of private households as employers and undifferentiated production activities of private households,14-J  NAKHWA HOUSEN V NAKHWA ROADMAZGAON  ,ROC MUMBAI,corporate@dirtbustersindia.com,31-03-2019,31-03-2019
U95000MH2003PTC138902,OMKAR HOSPITALITY SERVICES PRIVATELIMITED  ,ACTV,Private,Company limited by Shares,Non-govt company,29-01-2003,Maharashtra,500000.0,100000.0,95000,Activities of private households as employers and undifferentiated production activities of private households,16 BAKULMAKARAND CO OP HSG SOCSENAPATI BABAPAT MARG DADAR  ,ROC MUMBAI,deepak.bhat@jsw.in,31-03-2017,31-03-2017
U95000MH2008PTC185225,CLEVERBUYZ NETWORKS AND SYSTEMS PRIVATELIMITED  ,ACTV,Private,Company limited by Shares,Non-govt company,30-07-2008,Maharashtra,5000000.0,100000.0,95000,Activities of private households as employers and undifferentiated production activities of private households,"GOKUL ARCADE 'B' 205, SUBHASH ROADVILE PARLE (EAST)  ",ROC MUMBAI,balaji.p@drshti.com,31-03-2019,31-03-2019
U95000MH2010PTC199288,V3V SOLUTIONS PRIVATE LIMITED   ,ACTV,Private,Company limited by Shares,Non-govt company,23-01-2010,Maharashtra,500000.0,245000.0,95000,Activities of private households as employers and undifferentiated production activities of private households,306 Unique Towers of S V RoadGoregaon West  ,ROC MUMBAI,compliance@vivagroup.in,31-03-2018,31-03-2018
U95000MH2010PTC210391,AMBIENCE UPKEEP MAINTENANCE HOUSE &ALLIED SERVICE PRIVATE LIMITED  ,ACTV,Private,Company limited by Shares,Non-govt company,29-11-2010,Maharashtra,1000000.0,133330.0,95000,Activities of private households as employers and undifferentiated production activities of private households,"Office No. 17, MhatrewadiNext Sony Mony Mall, S.V. Road, Borivali West  ",ROC MUMBAI,sapna_ambience@yahoo.com,31-03-2019,31-03-2019
U95000MH2011PTC217504,COMPLIT CARE & FACILITY MANAGEMENTPRIVATE LIMITED  ,ACTV,Private,Company limited by Shares,Non-govt company,16-05-2011,Maharashtra,100000.0,100000.0,95000,Activities of private households as employers and undifferentiated production activities of private households,"59 and 60, 2nd Floor, Paranjpe Commercial Complex,Station Road, Above IDBI ATM, AMBERNATH WEST  ",ROC MUMBAI,steindia@gmail.com,31-03-2014,31-03-2014
U95000MH2011PTC223125,SHIVKRUPA SECURITY AND LABOUR SERVICESPRIVATE LIMITED  ,ACTV,Private,Company limited by Shares,Non-govt company,17-10-2011,Maharashtra,100000.0,100000.0,95000,Activities of private households as employers and undifferentiated production activities of private households,SHOP NO 5/B SHRIMANGAL TOWNSHIP PETHE NAGAR CORNERMUMBAI AGRA ROAD  ,ROC MUMBAI,casnkasar@gmail.com,31-03-2019,31-03-2019
U95000MH2012PTC237633,I-CONCEPT BIZTRADE PRIVATE LIMITED   ,ACTV,Private,Company limited by Shares,Non-govt company,07-11-2012,Maharashtra,100000.0,100000.0,95000,Activities of private households as employers and undifferentiated production activities of private households,"House No: 569, Shree Balaji Complex ,Vehele Road, Bhatale Village,  ",ROC MUMBAI,stoneagebalaji@gmail.com,31-03-2019,31-03-2019
U95000MH2013PTC243415,SAMRADDHI FACILITIES MANAGEMENT PRIVATELIMITED  ,ACTV,Private,Company limited by Shares,Non-govt company,17-05-2013,Maharashtra,100000.0,100000.0,95000,Activities of private households as employers and undifferentiated production activities of private households,"209, RAJA INDUSTRIAL ESTATE,P. K ROAD, MULUND WEST,  ",ROC MUMBAI,ssamraddhi@gmail.com,31-03-2018,31-03-2018
U95000MH2015PTC266388,HELPPERZ SERVICES PRIVATE LIMITED   ,ACTV,Private,Company limited by Shares,Non-govt company,07-07-2015,Maharashtra,100000.0,100000.0,95000,Activities of private households as employers and undifferentiated production activities of private households,"A-21, PLOT NO. 726, CHARKOP (3) OMKAR CHSL,RSC -65, SECTOR-7, CHARKOP, KANDIVALI (W)  ",ROC MUMBAI,ashutosh.bakshi2000@gmail.com,31-03-2019,31-03-2019
U95000PN2009PTC133935,VIJAYDURG INFRA PRIVATE LIMITED   ,ACTV,Private,Company limited by Shares,Non-govt company,12-05-2009,Maharashtra,10000000.0,5200000.0,95000,Activities of private households as employers and undifferentiated production activities of private households,"C/O PRAFUL SATHAM, PLOT NO 5, GANESH COLONY,'A' WARD, RADHANAGARI ROAD,  ",ROC PUNE,vijaydurginfra@yahoo.in,31-03-2018,31-03-2018
U95000PN2013PTC149166,OSL FACILITIES PRIVATE LIMITED   ,ACTV,Private,Company limited by Shares,Non-govt company,17-10-2013,Maharashtra,100000.0,100000.0,95000,Activities of private households as employers and undifferentiated production activities of private households,CHAKAN TALUKA-KHED   ,ROC PUNE,amolsutar6611@gmail.com,31-03-2019,31-03-2019
U95000PN2019PTC181801,P24 SERVICES PROPERTY SOLUTIONS PRIVATELIMITED  ,ACTV,Private,Company limited by Shares,Non-govt company,30-01-2019,Maharashtra,100000.0,100000.0,95000,Activities of private households as employers and undifferentiated production activities of private households,"FLAT 208, NAYAN HOUSING SOCIETY, PL 11,SR 132/B, B I C S COLONY  ",ROC PUNE,milind@psps.in,31-03-2019,31-03-2019
U95112MH1996PTC255168,ANIRUDH DISTRIBUTORS PRIVATE LIMITED   ,ACTV,Private,Company limited by Shares,Non-govt company,04-11-1996,Maharashtra,500000.0,130000.0,95112,Activities of private households as employers and undifferentiated production activities of private households,"MAHAVIR DARSHAN,412,NARSHI NATHA STREET,  ",ROC MUMBAI,cs@panamapetro.com,31-03-2019,31-03-2019
U95195MH2006PTC161393,BACK RX SPINE CARE PRIVATE LIMITED   ,ACTV,Private,Company limited by Shares,Non-govt company,26-04-2006,Maharashtra,52000000.0,52000000.0,95195,Activities of private households as employers and undifferentiated production activities of private households,"CHOKSI HOUSE,3RD FLOOR,54,HUGHES ROAD,   ",ROC MUMBAI,ram.rapolu@indiamco.com,31-03-2019,31-03-2019
U95200MH1994PTC079635,ARJUN REALTORS PRIVATE LIMITED   ,ACTV,Private,Company limited by Shares,Non-govt company,14-07-1994,Maharashtra,500000.0,500000.0,95200,Activities of private households as employers and undifferentiated production activities of private households,"501, GOLDEN BUNGLOW,26, JUHU TARA ROAD, SANTACRUZ (WEST),  ",ROC MUMBAI,wesconindia@gmail.com,31-03-2019,31-03-2019
U95200MH1999PTC120587,AMRUT REALTORS PRIVATE LIMITED   ,ACTV,Private,Company limited by Shares,Non-govt company,30-06-1999,Maharashtra,500000.0,100000.0,95200,Activities of private households as employers and undifferentiated production activities of private households,"71 RAINTREE, HINDU COLONY ROAD NO.2LAKHAMSHI NAPOO ROAD, DADAR (E) MUMBAI-400014  ",ROC MUMBAI,amrutrealtors19@gmail.com,31-03-2019,31-03-2019
U95202MH1997PTC106835,NUPUR CINE EXHIBITERS PRIVATE LIMITED   ,ACTV,Private,Company limited by Shares,Non-govt company,25-03-1997,Maharashtra,5500000.0,4905000.0,95202,Activities of private households as employers and undifferentiated production activities of private households,"49/50, Link Plaza, Link Road, OshiwaraAndheri (West)  ",ROC MUMBAI,49pravinpatel@gmail.com,31-03-2019,31-03-2019
U95202PN1993PTC073644,G M KENJALE CONSTRUCTIONS PVT LTD   ,ACTV,Private,Company limited by Shares,Non-govt company,26-08-1993,Maharashtra,5000000.0,4900000.0,95202,Activities of private households as employers and undifferentiated production activities of private households,"22,PARVATIGAON,PUNE-411009   ",ROC PUNE,mkenjale@gmail.com,31-03-2019,31-03-2019
U96000MH2015PTC265292,MANORAMA DESIGN PRIVATE LIMITED   ,ACTV,Private,Company limited by Shares,Non-govt company,08-06-2015,Maharashtra,100000.0,100000.0,96000,Activities of private households as employers and undifferentiated production activities of private households,21ASHIRWAD COLONY S A M HOUSE TALODA ROAD  ,ROC MUMBAI,gladwin2012.moses@gmail.com,31-03-2019,31-03-2019
U96000MH2018PTC312739,JEETPAKKI SOLUTIONS PRIVATE LIMITED   ,ACTV,Private,Company limited by Shares,Non-govt company,13-08-2018,Maharashtra,100000.0,100000.0,96000,Activities of private households as employers and undifferentiated production activities of private households,"FLAT NO.01, OM 05, B-BLD, OPP. DARSHANBLD,KHODARAM BAG, BOISAR  ",ROC MUMBAI,pankajarekar@gmail.com,31-03-2019,31-03-2019
U96000PN2010PTC135260,GEM STONE PRODUCTS PRIVATE LIMITED   ,ACTV,Private,Company limited by Shares,Non-govt company,01-01-2010,Maharashtra,1000000.0,100000.0,96000,Activities of private households as employers and undifferentiated production activities of private households,"311, RAINBOW PLAZA, PIMPLE SAUDAGAR, AUNDH ANNEX,   ",ROC PUNE,ram@gempro.in,31-03-2019,31-03-2019
U96357MH1996PTC096357,SAI SHAKTI DEVELOPERS AND BUILDERSPRIVATE LIMITED  ,ACTV,Private,Company limited by Shares,Non-govt company,17-01-1996,Maharashtra,15000000.0,14990000.0,96357,Activities of private households as employers and undifferentiated production activities of private households,"A Wing, New Sanjay Ng Chs, Cts-539-C/1Parsiwada, Sahar Rd, Andheri (E), Opp. Colony,  ",ROC MUMBAI,kamlesh2109@hotmail.com,31-03-2019,31-03-2019
U97000MH2008PLC183125,ENVERGY PROJECTS LIMITED   ,ACTV,Public,Company limited by Shares,Non-govt company,03-06-2008,Maharashtra,1000000.0,600040.0,97000,Activities of private households as employers and undifferentiated production activities of private households,"506, ORCHID APARTMENTS, OPP. SANJOG HOTELCARTER ROAD NO. 7, BORIVALI (E)  ",ROC MUMBAI,info@envergy.co.in,31-03-2019,31-03-2019
U97000MH2012PTC235023,NEO HOME AUTOMATION PRIVATE LIMITED   ,ACTV,Private,Company limited by Shares,Non-govt company,28-08-2012,Maharashtra,100000.0,100000.0,97000,Activities of private households as employers and undifferentiated production activities of private households,"Flat No.204,Rupali CHS Ltd.,Evershine Nagar, Malad West,  ",ROC MUMBAI,sonejinaresh@gmail.com,31-03-2019,31-03-2019
U97120MH1991PTC064567,NAISHADH INVESTMENT AND FINANCE P.LTD.   ,ACTV,Private,Company limited by Shares,Non-govt company,19-12-1991,Maharashtra,2500000.0,2000000.0,97120,Activities of private households as employers and undifferentiated production activities of private households,"COMMERCIAL SERVICES CENTRE,8/33-34 GRANT BLDG.COLABA, BOMBAY -5.  ",ROC MUMBAI,royjacobandco@gmail.com,31-03-2010,31-03-2010
U97120MH2004PTC067828,MITHILESH INVESTMENT AND TRADING PRIVATE LIMITED  ,ACTV,Private,Company limited by Shares,Non-govt company,30-09-2004,Maharashtra,2625000.0,2200200.0,97120,Activities of private households as employers and undifferentiated production activities of private households,1-2-33TEHSIL KHALAPURNIPHAN  ,ROC MUMBAI,pranaygoradia@gmail.com,31-03-2019,31-03-2019
U97190MH1993PTC070934,DHAN FINANCIAL SERVICES PVT LTD   ,ACTV,Private,Company limited by Shares,Non-govt company,25-02-1993,Maharashtra,100000.0,100000.0,97190,Activities of private households as employers and undifferentiated production activities of private households,GOKUL GROUND FLOOR391/A BHAUDAJI RDMATUNGA  ,ROC MUMBAI,info@rishabhdighasteel.com,31-03-2019,31-03-2019
U95000HR2012PTC046531,INTEGRATED WORKFORCE SOLUTIONS PRIVATELIMITED  ,ACTV,Private,Company limited by Shares,Non-govt company,19-07-2012,Haryana,100000.0,100000.0,95000.0,Activities of private households as employers and undifferentiated production activities of private households,"316, 3RD FLOOR, VARDHAMAN STAR MALL, SECTOR-19   ",ROC DELHI,anuj.mehta@hrindiasolutions.co.in,31-03-2019,31-03-2019
U95000HR2016PTC066403,RKM HR PRIVATE LIMITED   ,ACTV,Private,Company limited by Shares,Non-govt company,17-11-2016,Haryana,100000.0,100000.0,95000.0,Activities of private households as employers and undifferentiated production activities of private households,"253/31, GALI NO-1, VISHNU GARDENNEAR HANUMAN MANDIR  ",ROC DELHI,rkmfacilities@gmail.com,31-03-2019,31-03-2019
U95000HR2018PTC073464,ARYAVIR SECURITY & HOUSEKEEPING PRIVATELIMITED  ,ACTV,Private,Company limited by Shares,Non-govt company,09-04-2018,Haryana,100000.0,100000.0,95000.0,Activities of private households as employers and undifferentiated production activities of private households,"SHOP NO. 1-2, SARASWATI SCHOOLNH-1, MAIN G.T. ROAD, MURTHAL  ",ROC DELHI,vikeyjatt0077@gmail.com,31-03-2019,31-03-2019
U95000HR2018PTC076878,COMFORT ENTERPRISES PRIVATE LIMITED   ,ACTV,Private,Company limited by Shares,Non-govt company,13-11-2018,Haryana,1000000.0,500000.0,95000.0,Activities of private households as employers and undifferentiated production activities of private households,"SAFIDON ROADNEAR TVS AGENCY, KUNDAN CINEMA  ",ROC DELHI,nsnarender.singh09@gmail.com,31-03-2019,31-03-2019
U95000HR2018PTC076960,VANSH ARYAVIR SECURITY PRIVATE LIMITED   ,ACTV,Private,Company limited by Shares,Non-govt company,19-11-2018,Haryana,100000.0,100000.0,95000.0,Activities of private households as employers and undifferentiated production activities of private households,633RATHDHANA  ,ROC DELHI,vanshsomdutt@gmail.com,31-03-2019,31-03-2019
U96000HR2012PTC047567,KESARIYA HANDICRAFTS PRIVATE LIMITED   ,ACTV,Private,Company limited by Shares,Non-govt company,02-11-2012,Haryana,1000000.0,1000000.0,96000.0,Activities of private households as employers and undifferentiated production activities of private households,"DEER WOOD-37NIRVANA COUNTRY, SECTOR-50  ",ROC DELHI,cambfkapilgupta@yahoo.com,31-03-2018,31-03-2018
U97000HR2018PTC075013,UMAKANT PACKAGE SOLUTIONS PRIVATELIMITED  ,ACTV,Private,Company limited by Shares,Non-govt company,17-07-2018,Haryana,100000.0,100000.0,97000.0,Activities of private households as employers and undifferentiated production activities of private households,"HOUSE No. 475/2,MASTER SURAT RAM KI GALIJAIN CHOWK  ",ROC DELHI,ca.tksingal@gmail.com,31-03-2019,31-03-2019
U95000WB1991PTC053136,SKU LOGISTIC PRIVATE LIMITED   ,ACTV,Private,Company limited by Shares,Non-govt company,24-09-1991,West Bengal,500000.0,229000.0,95000,Activities of private households as employers and undifferentiated production activities of private households,"8/1 MIDDLETON ROW5TH FLOOR, ROOM NO. 8 & 9  ",ROC KOLKATA,skulogisticpvt@gmail.com,31-03-2019,31-03-2019
U95000WB1992PTC055345,TRIDENT SECURITY AND ALLIED SERVICES PVT LTD  ,ACTV,Private,Company limited by Shares,Non-govt company,04-05-1992,West Bengal,500000.0,500000.0,95000,Activities of private households as employers and undifferentiated production activities of private households,GC SECTOR III SALT LAKE   ,ROC KOLKATA,deb_amalendu@yahoo.co.in,31-03-2019,31-03-2019
U95000WB1996PTC080111,HI-TECH DESIGNS PVT LTD   ,ACTV,Private,Company limited by Shares,Non-govt company,20-06-1996,West Bengal,17700000.0,17678200.0,95000,Activities of private households as employers and undifferentiated production activities of private households,"Ground Floor, Apsara Apartments67, Park Street  ",ROC KOLKATA,htdesigns.kol@gmail.com,31-03-2019,31-03-2019
U95000WB2009PTC136990,B&R SECURITY & FACILITY SERVICES PRIVATE LIMITED  ,ACTV,Private,Company limited by Shares,Non-govt company,21-07-2009,West Bengal,200000.0,100000.0,95000,Activities of private households as employers and undifferentiated production activities of private households,"113, AMBAGANCHOWHATI, RAJPUR  ",ROC KOLKATA,bandr_kolkata@yahoo.in,31-03-2018,31-03-2018
U95000WB2009PTC138746,DAY NIGHT SECURITY & ALLIED SERVICESPRIVATE LIMITED  ,ACTV,Private,Company limited by Shares,Non-govt company,06-10-2009,West Bengal,200000.0,200000.0,95000,Activities of private households as employers and undifferentiated production activities of private households,14/4 Laxmi Narayan Motilal RoadWARD NO 128 PS parnasree  ,ROC KOLKATA,omprakash_s12@rediffmail.com,31-03-2018,31-03-2019
U95000WB2017PTC220808,ANTHEM SECURITY GUARDS PRIVATE LIMITED   ,ACTV,Private,Company limited by Shares,Non-govt company,01-05-2017,West Bengal,1000000.0,100000.0,95000,Activities of private households as employers and undifferentiated production activities of private households,"8/B, CHANDRA MONDAL LANE1ST FLOOR  ",ROC KOLKATA,npsa345@gmail.com,31-03-2019,31-03-2019
U96000WB2013PTC198209,CAPRICCIO TRADING PRIVATE LIMITED   ,ACTV,Private,Company limited by Shares,Non-govt company,04-11-2013,West Bengal,100000.0,100000.0,96000,Activities of private households as employers and undifferentiated production activities of private households,"60, HEMANTA BASU SARANI, 1ST FLOOR,FORMERLY 8 BBD BAG EAST  ",ROC KOLKATA,urvisheth@gmail.com,31-03-2019,31-03-2019
U96000WB2018PTC227694,AASVI AGENCY PRIVATE LIMITED   ,ACTV,Private,Company limited by Shares,Non-govt company,07-09-2018,West Bengal,1000000.0,1000000.0,96000,Activities of private households as employers and undifferentiated production activities of private households,001 DLF NEW TOWN HEIGHTS PLAZAACTION AREA 3 NEW TOWN RAJARHAT  ,ROC KOLKATA,shrimayi@gmail.com,31-03-2019,31-03-2019
U97000WB2011PTC163310,RADHASAGAR APARTMENTS MAINTENANCEPRIVATE LIMITED  ,ACTV,Private,Company limited by Shares,Non-govt company,03-06-2011,West Bengal,500000.0,100000.0,97000,Activities of private households as employers and undifferentiated production activities of private households,"'RADHASAGAR'8, MOIRA STREET,  ",ROC KOLKATA,priyankachhawchharia@icai.org,31-03-2019,31-03-2019
U97000WB2015PTC206176,EDENCITY ENTERTAINMENT PRIVATE LIMITED   ,ACTV,Private,Company limited by Shares,Non-govt company,30-04-2015,West Bengal,100000.0,100000.0,97000,Activities of private households as employers and undifferentiated production activities of private households,1A RAJA SUBODH MULLICK SQUARE4TH FLOOR  ,ROC KOLKATA,edencityentertainment2015@gmail.com,31-03-2019,31-03-2019
U97040WB2003PTC097040,DINMAN POLYPACKS PRIVATE LIMITED   ,ACTV,Private,Company limited by Shares,Non-govt company,26-09-2003,West Bengal,20000000.0,13000000.0,97040,Activities of private households as employers and undifferentiated production activities of private households,"""VARDAAN"" SUITE NO. 406, 25A, CAMAC STREET   ",ROC KOLKATA,accounts@dinmanpolypacks.com,31-03-2019,31-03-2019
U95000KL1998PTC012691,STEWARD AND PANTRY AGENCIES AND SERVICES PRIVATE LIMITED  ,ACTV,Private,Company limited by Shares,Non-govt company,23-12-1998,Kerala,300000.0,300000.0,95000.0,Activities of private households as employers and undifferentiated production activities of private households,26/410B  YACHT CLUB ENCLAVESACRAMENTO  KONTHURUTHYCOCHIN  ,ROC ERNAKULAM,venkateshkrishna85@gmail.com,31-03-2018,31-03-2018
U97000KL2017PTC048901,DHUL FIQAAR TRADERS PRIVATE LIMITED   ,ACTV,Private,Company limited by Shares,Non-govt company,18-04-2017,Kerala,1000000.0,1000000.0,97000.0,Activities of private households as employers and undifferentiated production activities of private households,"19/28, ground floor,singer shopping complex, Near old Bridge  ",ROC ERNAKULAM,muhu.hai@gmail.com,31-03-2019,31-03-2019
U95000JK2012PTC003554,KAYSAN HR SOLUTIONS PRIVATE LIMITED   ,ACTV,Private,Company limited by Shares,Non-govt company,14-05-2012,Jammu and Kashmir,100000.0,100000.0,95000.0,Activities of private households as employers and undifferentiated production activities of private households,"ROOM NO- 5 2ND FLOORBAKHTAWAR PLAZA, REGAL LANE RESIDENCY ROAD  ",ROC JAMMU,KANIKA@KCCCAS.COM,31-03-2019,31-03-2019
U95000BR2009PTC014233,SHREE HOUSE KEEPING PRIVATE LIMITED   ,ACTV,Private,Company limited by Shares,Non-govt company,04-02-2009,Bihar,200000.0,100000.0,95000.0,Activities of private households as employers and undifferentiated production activities of private households,"BLOCK 15, FLAT NO. 126, NEAR PREMCHANDGOLAMBER , RAJENDRA NAGAR  ",ROC PATNA,ratneshpatna@rediffmail.com,31-03-2019,31-03-2019
U95000UP2004PTC028193,SUN FACILITY SERVICES PRIVATE LIMITED   ,ACTV,Private,Company limited by Shares,Non-govt company,06-01-2004,Uttar Pradesh,1000000.0,500000.0,95000,Activities of private households as employers and undifferentiated production activities of private households,1/654  VISHAL KHANDGOMTI  NAGARLUCKNOW  ,ROC KANPUR,sunfacility@gmail.com,31-03-2019,31-03-2019
U95000UP2009PTC037287,DOLPHIN SECURITY SERVICES PRIVATELIMITED  ,ACTV,Private,Company limited by Shares,Non-govt company,06-05-2009,Uttar Pradesh,100000.0,100000.0,95000,Activities of private households as employers and undifferentiated production activities of private households,"CHAMBER NO.4, SECOND FLOOR, BALAJI ENCLAVE,KRISHNA NAGAR,KANPUR ROAD,LUCKNOW, U.P.  ",ROC KANPUR,saurabh@dolphinservices.in,31-03-2019,31-03-2019
U95000UP2013PTC055338,APEKSHA SECURITY AND ALLIED SERVICESPRIVATE LIMITED  ,ACTV,Private,Company limited by Shares,Non-govt company,28-02-2013,Uttar Pradesh,100000.0,100000.0,95000,Activities of private households as employers and undifferentiated production activities of private households,H.NO. 54VILLAGE - SINGHAKUND  ,ROC KANPUR,ajay.8smart@gmail.com,31-03-2019,31-03-2019
U95000UP2013PTC056536,MR.RIGHT SERVICES PRIVATE LIMITED   ,ACTV,Private,Company limited by Shares,Non-govt company,26-04-2013,Uttar Pradesh,1000000.0,113040.0,95000,Activities of private households as employers and undifferentiated production activities of private households,"140 Yasodha Kunj,Mawana Road,  ",ROC KANPUR,prashant.c@mrright.in,31-03-2019,31-03-2019
U95000UP2013PTC058406,RS CORPORATE ALLIED SERVICES PRIVATELIMITED  ,ACTV,Private,Company Limited by Guarantee,Non-govt company,16-07-2013,Uttar Pradesh,1000000.0,800000.0,95000,Activities of private households as employers and undifferentiated production activities of private households,"1243, 12th Floor, The Ithum , Block APlot No A-40, , Tower B, Sector 62,Noida  ",ROC KANPUR,rscorporatealliedservicespltd@gmail.com,31-03-2019,31-03-2019
U95000UP2015PTC067962,EX - SERVICEMAN SECURITY SERVICESPRIVATE LIMITED  ,ACTV,Private,Company limited by Shares,Non-govt company,01-01-2015,Uttar Pradesh,100000.0,100000.0,95000,Activities of private households as employers and undifferentiated production activities of private households,"319, SUBHASH PARKFAIS - 1 VA 2  ",ROC KANPUR,info.exserviceman2015@gmail.com,31-03-2019,31-03-2019
U95000UP2016PTC087646,BITCRUST HR SERVICES PRIVATE LIMITED   ,ACTV,Private,Company limited by Shares,Non-govt company,09-11-2016,Uttar Pradesh,100000.0,100000.0,95000,Activities of private households as employers and undifferentiated production activities of private households,"695, Sector 14-AVasundhra  ",ROC KANPUR,ruchi.sharma@bitcrust.com,31-03-2019,31-03-2019
U95000UP2018PTC106856,INTEGRAL RECRUITMENT SERVICES PRIVATELIMITED  ,ACTV,Private,Company limited by Shares,Non-govt company,09-08-2018,Uttar Pradesh,1000000.0,100000.0,95000,Activities of private households as employers and undifferentiated production activities of private households,"129/1, MISHAN COMPOUNDDEV NAGAR  ",ROC KANPUR,nitgo10@gmail.com,31-03-2019,31-03-2019
U96000UP2017PTC099749,VINDHYAVASHINI SADHU SHARAN INDUSTRIESPRIVATE LIMITED  ,ACTV,Private,Company limited by Shares,Non-govt company,28-12-2017,Uttar Pradesh,1000000.0,100000.0,96000,Activities of private households as employers and undifferentiated production activities of private households,"C/O SADHOO SARAN, PURANI BAZARKHARGOOPUR  ",ROC KANPUR,avinash.idea00@gmail.com,31-03-2019,31-03-2019
U96000UP2018PTC110046,QPLEX ELECTRONICS PRIVATE LIMITED   ,ACTV,Private,Company limited by Shares,Non-govt company,05-11-2018,Uttar Pradesh,2000000.0,1000000.0,96000,Activities of private households as employers and undifferentiated production activities of private households,"FLAT NO. 1016/A, GULMOHAR RESIDENCY203 KALYANPUR KALA, INDRA NAGAR ROAD  ",ROC KANPUR,JYOTIGUPTA841962@GMAIL.COM,31-03-2019,31-03-2019
U97000UP2007PTC034264,OJRAS MALLS PRIVATE LIMITED   ,ACTV,Private,Company limited by Shares,Non-govt company,12-12-2007,Uttar Pradesh,100000.0,100000.0,97000,Activities of private households as employers and undifferentiated production activities of private households,"1st FLOOR, MAYUR APARTMENTSGWALIOR ROAD  ",ROC KANPUR,rekhagupta.dir@gmail.com,31-03-2019,31-03-2019
U97000UP2007PTC045139,GREENBUCKS COMTRADE PRIVATE LIMITED   ,ACTV,Private,Company limited by Shares,Non-govt company,29-03-2007,Uttar Pradesh,20000000.0,14000000.0,97000,Activities of private households as employers and undifferentiated production activities of private households,"S - 12A, PLOT NO. 3, ADITYA MEGA CITYVAIBHAV KHAND, INDIRAPURAM  ",ROC KANPUR,satveers@greenbucksonline.com,31-03-2019,31-03-2019
U97000UP2011PTC045940,HITECH EASY HOME SERVICES PRIVATELIMITED  ,ACTV,Private,Company limited by Shares,Non-govt company,28-07-2011,Uttar Pradesh,100000.0,100000.0,97000,Activities of private households as employers and undifferentiated production activities of private households,B-85 HITECH TOWERVIBHUTI KHAND GOMTI NAGAR  ,ROC KANPUR,awaneendra@gmail.com,31-03-2019,31-03-2019
U97000UP2013PTC056631,APS HANDICRAFT PRIVATE LIMITED   ,ACTV,Private,Company limited by Shares,Non-govt company,30-04-2013,Uttar Pradesh,100000.0,100000.0,97000,Activities of private households as employers and undifferentiated production activities of private households,H-52SECTOR-41  ,ROC KANPUR,scgupta_b94@rediffmail.com,31-03-2019,31-03-2019
U97000UP2013PTC059940,INTELLO HOME SOLUTION PRIVATE LIMITED   ,ACTV,Private,Company limited by Shares,Non-govt company,08-10-2013,Uttar Pradesh,500000.0,300000.0,97000,Activities of private households as employers and undifferentiated production activities of private households,"D-231, FIRST FLOORRAM PRASTHA  ",ROC KANPUR,ritik.rj@gmail.com,31-03-2019,31-03-2019
U95000TG2003PTC041864,HR CHAMBERS OUTSOURCING PRIVATE LIMITED   ,ACTV,Private,Company limited by Shares,Non-govt company,14-10-2003,Telangana,100000000.0,41066690.0,95000.0,Activities of private households as employers and undifferentiated production activities of private households,"Flat # 204, Bhavya Srisailam ArcadeAbove Health & Glow, Dharam Karam Road, Ameerpet  ",ROC HYDERABAD,svrr@hrchambers.com,31-03-2019,31-03-2019
U95000TG2012PTC084351,JAS FACILITIES PRIVATE LIMITED   ,ACTV,Private,Company limited by Shares,Non-govt company,22-11-2012,Telangana,1000000.0,100000.0,95000.0,Activities of private households as employers and undifferentiated production activities of private households,"PLOT NO. 45 & 47SUBBA RAO COLONY, PICKET  ",ROC HYDERABAD,jas@rk4ces.com,31-03-2016,31-03-2016
U96000TG2015PTC100009,TAGOOR FEEDS PRIVATE LIMITED   ,ACTV,Private,Company limited by Shares,Non-govt company,31-07-2015,Telangana,100000.0,100000.0,96000.0,Activities of private households as employers and undifferentiated production activities of private households,SY NO299/A/1/1MALKAPUR VILLAGE  ,ROC HYDERABAD,manohark76@gmail.com,31-03-2017,31-03-2017
U95000CH2003PTC026290,SUNRISE HOUSE KEEPING AND SUPPORTSERVICES PRIVATE LIMITED  ,ACTV,Private,Company limited by Shares,Non-govt company,18-08-2003,Chandigarh,100000.0,100000.0,95000.0,Activities of private households as employers and undifferentiated production activities of private households,27/1 PHASE IIINDUSTRIAL AREACHANDIGARH  ,ROC CHANDIGARH,vishalgoel@sunrisefacility.com,31-03-2017,31-03-2017
U95000CH2010PTC032520,MAIDSCO HOUSEKEEPING SERVICES PRIVATELIMITED  ,ACTV,Private,Company limited by Shares,Non-govt company,22-10-2010,Chandigarh,100000.0,100000.0,95000.0,Activities of private households as employers and undifferentiated production activities of private households,House no. 502Sector 10C  ,ROC CHANDIGARH,gaurisingh@gmail.com,31-03-2019,31-03-2019
U95000PB1996PTC018466,MUKTSAR COLD STORAGE AND ICE FACTORYPRIVATE LIMITED  ,ACTV,Private,Company limited by Shares,Non-govt company,08-07-1996,Punjab,1500000.0,1413300.0,95000,Activities of private households as employers and undifferentiated production activities of private households,FACTORY ROADMUKTSAR   ,ROC CHANDIGARH,pawansharmacs@gmail.com,31-03-2019,31-03-2019
U95000PB2002PTC024893,BROOKE & HADLEE FACILITATORS PRIVATELIMITED  ,ACTV,Private,Company limited by Shares,Non-govt company,15-01-2002,Punjab,1300000.0,1228000.0,95000,Activities of private households as employers and undifferentiated production activities of private households,"HOUSE NO. 64,SIGMA CITYLOHGARH  ",ROC CHANDIGARH,BROOKEANDHADLEE@YAHOO.CO.IN,31-03-2015,31-03-2015
U95000OR2015PTC019623,SAADHVI MANPOWER SERVICES PRIVATELIMITED  ,ACTV,Private,Company limited by Shares,Non-govt company,04-12-2015,Orissa,1000000.0,100000.0,95000.0,Activities of private households as employers and undifferentiated production activities of private households,"1ST FLOOR, MEENAKSHI NAGAR,BACK SIDE OF BSNL TOWERINFRONT OF RAJARANI APPARTMENT  ",ROC CUTTAK,pradeepkumarpanigrahy1@gmail.com,31-03-2018,31-03-2018
